ID,DATA,CZAS,IP
1,2021-12-23,14:43:45,91.244.219.***
2,2021-12-23,14:43:58,91.244.219.***
3,2021-12-23,14:44:00,91.244.219.***
4,2021-12-23,14:44:01,91.244.219.***
5,2021-12-23,14:45:35,91.244.219.***
6,2021-12-23,15:13:51,5.173.30.***
7,2021-12-23,21:09:46,144.126.152.***
8,2021-12-24,00:48:10,87.250.224.***
9,2021-12-24,02:04:36,54.36.148.***
10,2021-12-24,08:09:27,18.202.245.***
11,2021-12-24,09:54:02,49.204.133.***
12,2021-12-24,11:56:16,52.33.118.***
13,2021-12-24,12:47:04,20.213.75.***
14,2021-12-24,14:29:00,66.249.66.***
15,2021-12-24,15:07:13,66.249.66.***
16,2021-12-25,01:39:21,3.249.2.***
17,2021-12-25,01:55:37,202.92.4.***
18,2021-12-25,01:55:47,202.92.4.***
19,2021-12-25,02:05:55,54.36.148.***
20,2021-12-25,04:19:09,66.249.66.***
21,2021-12-25,06:29:29,23.88.109.***
22,2021-12-25,11:56:35,185.156.35.***
23,2021-12-25,18:02:32,5.188.62.***
24,2021-12-26,00:29:25,79.185.223.***
25,2021-12-26,00:30:27,91.244.219.***
26,2021-12-26,02:44:15,66.249.66.***
27,2021-12-26,03:06:54,54.36.148.***
28,2021-12-26,03:10:14,66.249.66.***
29,2021-12-26,06:45:44,91.244.219.***
30,2021-12-26,16:02:29,5.45.207.***
31,2021-12-26,16:37:32,213.180.203.***
32,2021-12-26,16:39:23,95.108.213.***
33,2021-12-26,17:46:19,95.108.213.***
34,2021-12-26,19:17:39,54.214.183.***
35,2021-12-26,19:41:29,95.108.213.***
36,2021-12-26,19:46:07,66.249.66.***
37,2021-12-26,23:52:21,85.215.212.***
38,2021-12-27,03:42:39,54.36.149.***
39,2021-12-27,04:21:33,66.249.66.***
40,2021-12-27,05:42:32,216.145.14.***
41,2021-12-27,06:32:51,144.76.7.***
42,2021-12-27,07:45:02,114.119.157.***
43,2021-12-27,08:06:33,52.210.134.***
44,2021-12-27,08:15:46,114.119.159.***
45,2021-12-27,22:35:55,89.151.40.***
46,2021-12-28,07:18:30,45.72.48.***
47,2021-12-28,07:20:10,54.36.148.***
48,2021-12-28,08:06:40,54.229.211.***
49,2021-12-28,10:23:04,87.205.119.***
50,2021-12-28,13:10:43,83.144.125.***
51,2021-12-28,13:30:46,162.210.196.***
52,2021-12-28,17:26:47,91.244.219.***
53,2021-12-28,19:46:49,66.249.64.***
54,2021-12-28,19:57:06,114.119.130.***
55,2021-12-28,23:04:10,167.248.133.***
56,2021-12-28,23:04:10,167.248.133.***
57,2021-12-29,01:09:03,52.73.146.***
58,2021-12-29,03:27:00,45.129.18.***
59,2021-12-29,03:34:05,114.119.130.***
60,2021-12-29,03:46:34,66.249.64.***
61,2021-12-29,08:05:26,54.171.114.***
62,2021-12-29,09:48:20,128.30.52.***
63,2021-12-29,09:48:21,128.30.52.***
64,2021-12-29,09:51:22,128.30.52.***
65,2021-12-29,09:56:39,128.30.52.***
66,2021-12-29,09:56:39,128.30.52.***
67,2021-12-29,09:56:57,128.30.52.***
68,2021-12-29,09:56:58,128.30.52.***
69,2021-12-29,11:29:58,54.36.148.***
70,2021-12-29,12:08:36,46.204.32.***
71,2021-12-29,18:14:10,66.249.66.***
72,2021-12-29,20:56:50,108.61.165.***
73,2021-12-29,21:07:25,3.66.171.***
74,2021-12-29,22:06:36,178.235.187.***
75,2021-12-29,22:40:37,114.119.130.***
76,2021-12-30,02:30:36,66.249.66.***
77,2021-12-30,05:01:35,95.216.38.***
78,2021-12-30,08:09:27,34.249.181.***
79,2021-12-30,15:19:08,54.36.113.***
80,2021-12-30,18:13:13,54.36.149.***
81,2021-12-30,19:51:08,66.249.66.***
82,2021-12-31,08:06:19,34.253.62.***
83,2021-12-31,15:28:35,18.159.212.***
84,2021-12-31,17:04:25,154.16.204.***
85,2021-12-31,17:07:38,213.188.80.***
86,2021-12-31,17:38:05,178.42.209.***
87,2021-12-31,18:13:07,5.161.55.***
88,2021-12-31,20:56:47,185.27.99.***
89,2022-01-01,00:16:26,54.36.149.***
90,2022-01-01,02:30:53,65.21.206.***
91,2022-01-01,04:17:41,66.249.66.***
92,2022-01-01,11:30:50,51.158.98.***
93,2022-01-01,14:54:43,178.62.74.***
94,2022-01-01,18:01:41,185.27.99.***
95,2022-01-01,19:48:14,66.249.64.***
96,2022-01-02,00:18:48,207.241.233.***
97,2022-01-02,08:34:28,35.188.39.***
98,2022-01-02,09:40:16,54.36.149.***
99,2022-01-03,03:31:12,66.249.64.***
100,2022-01-03,04:40:08,66.249.64.***
101,2022-01-03,08:07:14,34.248.221.***
102,2022-01-03,11:55:39,62.171.164.***
103,2022-01-03,13:16:07,149.56.150.***
104,2022-01-03,13:16:10,149.56.150.***
105,2022-01-03,13:16:15,149.56.150.***
106,2022-01-03,13:22:57,149.56.160.***
107,2022-01-03,15:01:54,217.28.147.***
108,2022-01-03,15:42:23,91.219.105.***
109,2022-01-03,16:46:03,45.129.18.***
110,2022-01-03,19:06:15,176.88.80.***
111,2022-01-03,19:50:39,66.249.64.***
112,2022-01-03,20:49:53,54.36.149.***
113,2022-01-04,00:42:24,185.191.34.***
114,2022-01-04,03:44:45,144.76.38.***
115,2022-01-04,08:06:13,54.170.224.***
116,2022-01-04,09:11:26,114.119.130.***
117,2022-01-04,13:11:19,66.249.64.***
118,2022-01-04,13:18:52,66.249.64.***
119,2022-01-04,20:04:52,5.255.253.***
120,2022-01-04,20:46:17,188.146.32.***
121,2022-01-04,22:36:35,66.249.64.***
122,2022-01-05,00:29:47,157.230.246.***
123,2022-01-05,01:01:08,87.250.224.***
124,2022-01-05,03:04:19,3.249.125.***
125,2022-01-05,06:23:31,66.249.64.***
126,2022-01-05,06:34:31,54.36.148.***
127,2022-01-05,06:39:24,66.249.64.***
128,2022-01-05,08:06:32,54.155.10.***
129,2022-01-05,13:10:17,31.61.186.***
130,2022-01-05,14:41:51,66.249.64.***
131,2022-01-05,15:51:24,13.38.118.***
132,2022-01-05,17:19:27,185.119.81.***
133,2022-01-05,17:19:27,185.119.81.***
134,2022-01-05,17:19:28,185.119.81.***
135,2022-01-05,17:39:26,114.119.130.***
136,2022-01-05,18:00:21,114.119.129.***
137,2022-01-05,19:47:35,66.249.64.***
138,2022-01-06,03:42:01,157.230.246.***
139,2022-01-06,05:23:31,66.249.64.***
140,2022-01-06,09:16:16,5.9.66.***
141,2022-01-06,09:27:49,157.55.39.***
142,2022-01-06,12:26:47,23.224.42.***
143,2022-01-06,12:57:44,66.249.64.***
144,2022-01-06,13:08:06,66.249.64.***
145,2022-01-06,17:01:45,54.36.148.***
146,2022-01-07,01:13:53,66.249.64.***
147,2022-01-07,07:29:25,3.92.134.***
148,2022-01-07,07:29:36,3.92.134.***
149,2022-01-07,07:30:23,100.24.108.***
150,2022-01-07,08:07:18,3.249.129.***
151,2022-01-07,10:29:25,114.119.128.***
152,2022-01-07,19:28:03,66.249.64.***
153,2022-01-07,21:07:27,109.70.100.***
154,2022-01-07,22:22:11,51.158.105.***
155,2022-01-07,22:36:12,163.172.184.***
156,2022-01-07,23:02:28,45.142.161.***
157,2022-01-08,00:13:40,34.77.162.***
158,2022-01-08,04:22:37,66.249.64.***
159,2022-01-08,04:23:31,62.210.88.***
160,2022-01-08,06:57:44,54.36.149.***
161,2022-01-08,10:27:03,153.19.126.***
162,2022-01-08,12:01:05,66.249.64.***
163,2022-01-08,12:03:25,66.249.64.***
164,2022-01-08,13:02:56,66.249.64.***
165,2022-01-08,16:04:03,92.118.160.***
166,2022-01-08,17:09:05,45.129.18.***
167,2022-01-08,18:02:05,35.170.200.***
168,2022-01-08,21:31:49,185.156.73.***
169,2022-01-09,01:48:54,92.118.160.***
170,2022-01-09,04:14:16,185.191.171.***
171,2022-01-09,06:51:48,185.220.101.***
172,2022-01-09,10:10:41,66.249.64.***
173,2022-01-09,11:08:48,91.244.219.***
174,2022-01-09,11:12:23,66.249.64.***
175,2022-01-09,11:29:12,103.51.2.***
176,2022-01-09,11:29:31,103.51.2.***
177,2022-01-09,13:54:26,114.119.130.***
178,2022-01-09,17:05:14,54.36.148.***
179,2022-01-09,18:58:58,66.249.64.***
180,2022-01-09,20:33:26,66.249.64.***
181,2022-01-09,20:33:59,66.249.64.***
182,2022-01-10,05:59:39,54.198.30.***
183,2022-01-10,08:09:27,52.214.142.***
184,2022-01-10,09:07:27,45.142.122.***
185,2022-01-10,11:58:14,91.244.215.***
186,2022-01-10,12:10:56,54.36.148.***
187,2022-01-10,12:34:46,189.250.88.***
188,2022-01-10,14:00:50,185.78.134.***
189,2022-01-10,14:19:56,66.249.64.***
190,2022-01-10,14:37:25,82.165.241.***
191,2022-01-10,16:43:01,65.21.206.***
192,2022-01-10,23:02:54,66.249.64.***
193,2022-01-11,04:33:12,5.9.155.***
194,2022-01-11,07:44:33,185.191.171.***
195,2022-01-11,08:05:52,54.74.140.***
196,2022-01-11,08:40:49,66.249.64.***
197,2022-01-11,11:18:47,5.8.44.***
198,2022-01-11,12:44:19,54.36.148.***
199,2022-01-11,18:34:46,66.249.66.***
200,2022-01-11,21:39:15,91.244.219.***
201,2022-01-12,00:44:41,114.119.129.***
202,2022-01-12,04:02:00,54.36.148.***
203,2022-01-12,05:05:04,34.77.162.***
204,2022-01-12,07:54:38,114.119.129.***
205,2022-01-12,07:55:11,54.36.148.***
206,2022-01-12,08:10:24,63.35.212.***
207,2022-01-12,09:45:13,45.129.18.***
208,2022-01-12,11:00:13,103.108.181.***
209,2022-01-12,14:37:37,185.119.81.***
210,2022-01-12,14:37:43,185.119.81.***
211,2022-01-12,14:37:43,185.119.81.***
212,2022-01-12,15:40:08,91.244.219.***
213,2022-01-12,17:03:19,162.210.196.***
214,2022-01-12,21:09:30,82.165.241.***
215,2022-01-12,21:32:16,87.250.224.***
216,2022-01-13,00:55:20,54.36.148.***
217,2022-01-13,02:02:20,195.154.179.***
218,2022-01-13,03:22:18,154.54.249.***
219,2022-01-13,07:24:10,213.239.216.***
220,2022-01-13,09:07:25,66.249.66.***
221,2022-01-13,10:21:26,46.169.242.***
222,2022-01-13,12:22:34,162.210.196.***
223,2022-01-13,14:38:41,130.255.166.***
224,2022-01-13,18:35:00,66.249.66.***
225,2022-01-13,20:15:50,54.36.148.***
226,2022-01-14,01:06:24,75.15.244.***
227,2022-01-14,04:31:38,194.163.151.***
228,2022-01-14,08:05:41,3.250.51.***
229,2022-01-14,12:56:53,216.244.66.***
230,2022-01-14,13:17:07,162.210.196.***
231,2022-01-14,17:19:31,54.36.148.***
232,2022-01-14,19:19:37,51.77.53.***
233,2022-01-14,19:40:03,188.146.32.***
234,2022-01-14,21:13:03,54.161.4.***
235,2022-01-14,22:45:28,114.119.130.***
236,2022-01-14,23:44:54,83.9.210.***
237,2022-01-15,09:07:21,66.249.66.***
238,2022-01-15,10:43:48,92.118.160.***
239,2022-01-15,16:24:06,65.154.226.***
240,2022-01-15,17:36:34,91.244.219.***
241,2022-01-15,17:37:00,91.244.219.***
242,2022-01-15,17:37:35,93.119.227.***
243,2022-01-15,17:37:35,93.119.227.***
244,2022-01-15,17:45:27,69.4.87.***
245,2022-01-15,17:45:27,69.4.87.***
246,2022-01-15,18:27:51,66.249.66.***
247,2022-01-15,18:32:06,133.242.174.***
248,2022-01-15,18:32:07,133.242.174.***
249,2022-01-15,21:40:08,45.90.60.***
250,2022-01-16,00:34:43,92.59.185.***
251,2022-01-16,01:03:57,54.36.148.***
252,2022-01-16,01:43:33,45.90.63.***
253,2022-01-16,04:59:59,65.154.226.***
254,2022-01-16,05:52:58,92.118.160.***
255,2022-01-16,06:13:00,44.195.244.***
256,2022-01-16,08:39:19,45.118.158.***
257,2022-01-16,08:39:24,45.118.158.***
258,2022-01-16,08:39:28,45.118.158.***
259,2022-01-16,09:45:03,93.119.227.***
260,2022-01-16,09:45:03,93.119.227.***
261,2022-01-16,14:12:20,5.9.117.***
262,2022-01-16,16:34:52,185.119.81.***
263,2022-01-16,16:34:52,185.119.81.***
264,2022-01-16,16:34:52,185.119.81.***
265,2022-01-16,17:27:45,51.68.206.***
266,2022-01-16,21:31:58,51.68.206.***
267,2022-01-16,21:38:26,176.53.218.***
268,2022-01-16,23:47:57,64.246.165.***
269,2022-01-17,00:39:26,185.191.34.***
270,2022-01-17,01:11:11,176.113.43.***
271,2022-01-17,08:09:59,3.250.139.***
272,2022-01-17,12:57:25,54.36.149.***
273,2022-01-17,14:35:20,91.244.219.***
274,2022-01-17,17:38:41,192.99.18.***
275,2022-01-17,17:38:42,192.99.18.***
276,2022-01-17,17:38:42,192.99.18.***
277,2022-01-17,18:21:05,66.249.66.***
278,2022-01-17,18:40:26,18.204.233.***
279,2022-01-17,18:52:19,66.249.66.***
280,2022-01-17,19:29:52,66.249.66.***
281,2022-01-17,19:41:33,216.244.66.***
282,2022-01-17,21:33:53,83.22.7.***
283,2022-01-17,21:33:55,35.185.241.***
284,2022-01-18,01:04:33,66.249.66.***
285,2022-01-18,02:47:51,66.249.66.***
286,2022-01-18,03:39:34,66.249.66.***
287,2022-01-18,05:19:44,114.119.130.***
288,2022-01-18,08:07:04,52.211.211.***
289,2022-01-18,08:32:22,185.191.171.***
290,2022-01-18,12:34:49,195.184.84.***
291,2022-01-18,12:34:57,195.184.84.***
292,2022-01-18,12:35:08,195.184.84.***
293,2022-01-18,18:14:43,54.36.148.***
294,2022-01-19,02:43:18,144.168.166.***
295,2022-01-19,02:43:20,192.109.110.***
296,2022-01-19,02:43:21,192.109.110.***
297,2022-01-19,03:05:25,66.249.66.***
298,2022-01-19,05:16:55,45.129.18.***
299,2022-01-19,08:07:46,54.195.180.***
300,2022-01-19,08:27:21,65.21.206.***
301,2022-01-19,08:36:05,128.199.174.***
302,2022-01-19,09:57:36,91.244.219.***
303,2022-01-19,09:57:58,91.244.219.***
304,2022-01-19,12:58:51,91.244.219.***
305,2022-01-19,13:00:27,91.244.219.***
306,2022-01-19,14:10:57,91.244.219.***
307,2022-01-19,14:15:07,91.244.219.***
308,2022-01-19,14:15:14,91.244.219.***
309,2022-01-19,14:15:14,91.244.219.***
310,2022-01-19,14:15:14,91.244.219.***
311,2022-01-19,14:15:14,91.244.219.***
312,2022-01-19,14:15:15,91.244.219.***
313,2022-01-19,14:15:37,91.244.219.***
314,2022-01-19,14:51:07,185.119.81.***
315,2022-01-19,14:51:08,185.119.81.***
316,2022-01-19,14:51:08,185.119.81.***
317,2022-01-19,17:18:54,91.244.219.***
318,2022-01-19,20:14:10,66.249.66.***
319,2022-01-19,20:16:11,66.249.66.***
320,2022-01-20,00:28:27,130.255.166.***
321,2022-01-20,00:40:47,114.119.129.***
322,2022-01-20,00:48:59,75.119.138.***
323,2022-01-20,02:56:47,66.249.66.***
324,2022-01-20,03:55:03,54.36.148.***
325,2022-01-20,04:31:18,66.249.66.***
326,2022-01-20,05:13:17,114.119.129.***
327,2022-01-20,08:06:47,52.209.253.***
328,2022-01-20,08:47:55,176.9.50.***
329,2022-01-20,09:20:21,52.168.130.***
330,2022-01-20,13:09:40,185.219.221.***
331,2022-01-20,14:11:52,78.96.115.***
332,2022-01-20,14:11:52,78.96.115.***
333,2022-01-20,23:26:58,66.249.66.***
334,2022-01-21,02:11:19,51.15.251.***
335,2022-01-21,02:36:06,216.244.66.***
336,2022-01-21,03:07:57,82.165.224.***
337,2022-01-21,03:11:39,82.165.224.***
338,2022-01-21,03:30:45,45.129.18.***
339,2022-01-21,04:03:58,34.77.162.***
340,2022-01-21,04:25:28,103.112.0.***
341,2022-01-21,04:25:36,103.112.0.***
342,2022-01-21,04:25:44,103.112.0.***
343,2022-01-21,07:22:51,66.249.66.***
344,2022-01-21,08:08:25,34.242.195.***
345,2022-01-21,11:10:06,5.9.156.***
346,2022-01-21,11:29:05,212.160.101.***
347,2022-01-21,11:30:13,212.160.101.***
348,2022-01-21,11:30:32,212.160.101.***
349,2022-01-21,11:30:39,212.160.101.***
350,2022-01-21,11:30:57,212.160.101.***
351,2022-01-21,11:50:48,213.134.175.***
352,2022-01-21,13:28:21,77.79.235.***
353,2022-01-21,14:03:51,173.231.60.***
354,2022-01-21,14:52:47,54.36.148.***
355,2022-01-21,17:00:52,192.3.147.***
356,2022-01-21,17:00:53,23.104.162.***
357,2022-01-21,17:00:54,23.104.162.***
358,2022-01-21,20:17:10,66.249.64.***
359,2022-01-21,20:17:56,91.244.219.***
360,2022-01-21,21:49:58,92.118.160.***
361,2022-01-22,01:16:41,154.54.249.***
362,2022-01-22,02:45:34,87.250.224.***
363,2022-01-22,02:48:12,66.249.64.***
364,2022-01-22,02:48:17,213.180.203.***
365,2022-01-22,17:30:59,23.229.113.***
366,2022-01-22,18:59:56,162.210.196.***
367,2022-01-23,00:35:34,54.36.149.***
368,2022-01-23,01:59:47,153.19.126.***
369,2022-01-23,04:32:15,92.118.160.***
370,2022-01-23,06:50:29,195.201.174.***
371,2022-01-23,07:12:17,195.201.174.***
372,2022-01-23,07:29:20,66.249.66.***
373,2022-01-23,14:37:08,199.58.86.***
374,2022-01-23,18:14:11,185.119.81.***
375,2022-01-23,18:14:11,185.119.81.***
376,2022-01-23,18:14:12,185.119.81.***
377,2022-01-23,21:17:40,66.249.66.***
378,2022-01-24,01:02:35,66.249.66.***
379,2022-01-24,02:47:39,66.249.66.***
380,2022-01-24,04:21:40,35.212.72.***
381,2022-01-24,11:32:58,54.36.148.***
382,2022-01-24,12:02:40,77.77.223.***
383,2022-01-24,15:07:31,91.244.219.***
384,2022-01-24,17:21:21,77.77.223.***
385,2022-01-24,18:03:45,221.6.38.***
386,2022-01-24,18:06:15,221.6.38.***
387,2022-01-24,18:06:20,221.6.38.***
388,2022-01-24,18:06:23,221.6.38.***
389,2022-01-24,18:06:29,221.6.38.***
390,2022-01-24,18:09:36,221.6.38.***
391,2022-01-24,18:09:38,221.6.38.***
392,2022-01-24,18:11:55,221.6.38.***
393,2022-01-24,18:11:57,221.6.38.***
394,2022-01-24,18:12:18,221.6.38.***
395,2022-01-24,18:12:20,221.6.38.***
396,2022-01-24,18:25:11,92.118.160.***
397,2022-01-24,20:08:23,162.210.196.***
398,2022-01-24,20:32:00,109.125.252.***
399,2022-01-24,20:43:36,111.7.100.***
400,2022-01-24,20:45:14,111.7.100.***
401,2022-01-24,20:45:16,111.7.100.***
402,2022-01-24,20:45:35,111.7.100.***
403,2022-01-24,21:15:18,91.244.219.***
404,2022-01-24,23:49:21,66.249.66.***
405,2022-01-25,00:27:14,92.118.160.***
406,2022-01-25,05:03:55,129.211.166.***
407,2022-01-25,06:37:19,66.249.66.***
408,2022-01-25,06:45:16,66.249.66.***
409,2022-01-25,07:48:23,144.217.77.***
410,2022-01-25,08:06:16,34.240.178.***
411,2022-01-25,09:32:40,154.54.249.***
412,2022-01-25,17:11:01,162.142.125.***
413,2022-01-25,18:28:09,66.249.66.***
414,2022-01-25,20:44:37,162.210.196.***
415,2022-01-25,20:54:04,66.249.66.***
416,2022-01-25,20:55:04,196.196.160.***
417,2022-01-25,22:34:47,54.36.148.***
418,2022-01-26,06:57:02,34.86.35.***
419,2022-01-26,08:09:51,63.35.169.***
420,2022-01-26,11:29:41,93.158.91.***
421,2022-01-26,15:08:04,185.237.161.***
422,2022-01-26,15:28:14,185.181.60.***
423,2022-01-26,15:45:15,194.24.174.***
424,2022-01-26,16:57:20,91.244.219.***
