id,date,time,ip
1,2021-12-21,12:23:34,91.244.219.XXX
2,2021-12-21,12:24:12,91.244.219.XXX
3,2021-12-21,12:25:01,91.244.219.XXX
4,2021-12-21,12:25:21,91.244.219.XXX
5,2021-12-21,12:25:52,91.244.219.XXX
6,2021-12-21,12:26:11,91.244.219.XXX
7,2021-12-21,12:26:30,91.244.219.XXX
8,2021-12-21,12:29:47,91.244.219.XXX
9,2021-12-21,12:30:26,91.244.219.XXX
10,2021-12-21,12:30:31,91.244.219.XXX
11,2021-12-21,12:31:00,91.244.219.XXX
12,2021-12-21,12:31:09,91.244.219.XXX
13,2021-12-21,12:31:20,91.244.219.XXX
14,2021-12-21,12:31:30,91.244.219.XXX
15,2021-12-21,12:31:41,91.244.219.XXX
16,2021-12-21,12:31:51,91.244.219.XXX
17,2021-12-21,12:32:05,91.244.219.XXX
18,2021-12-21,12:32:37,91.244.219.XXX
19,2021-12-21,12:33:12,91.244.219.XXX
20,2021-12-21,12:33:16,91.244.219.XXX
21,2021-12-21,12:33:36,91.244.219.XXX
22,2021-12-21,12:35:32,91.244.219.XXX
23,2021-12-21,12:35:37,91.244.219.XXX
24,2021-12-21,12:36:25,91.244.219.XXX
25,2021-12-21,12:36:29,91.244.219.XXX
